website,search_query
https://www.itshot.com/,Jewelery Store Newyork USA
https://www.tiffany.com/jewelry-stores/washington-dc/,Jewelery Store Newyork USA
https://www.gemsny.com/,Jewelery Store Newyork USA
https://oldjewelry.net/,Jewelery Store Newyork USA
/images/search?view=detailV2&ccid=ImGuB90r&id=88C3DCEDC1FC7558231E01F1508A8E9D6B507714&thid=OIP.ImGuB90rYAgKlEsEuak9TAHaJT&mediaurl=https://oldjewelry.net/cdn/shop/products/IMG_7334.jpg?v=1703017338&width=1066&q=Jewelery+Store+Newyork+USA&ck=8DA650A1C7B8B5D8A63B094F3E5B6F34&idpp=rc&idpview=singleimage&form=rc2idp,Jewelery Store Newyork USA
https://www.rolex.com/en-us/store-locator/unitedstates/newyork/newyork,Jewelery Store Newyork USA
https://diamondsourcenyc.com/,Jewelery Store Newyork USA
https://www.popular.jewelry/,Jewelery Store Newyork USA
https://www.veranda.com/luxury-lifestyle/luxury-fashion-jewelry/g37925974/best-jewelry-shops/,Jewelery Store Newyork USA
https://www.brilliantearth.com/stores/,Jewelery Store Newyork USA
https://www.tiffany.com/jewelry-stores/new-york-wall-street/,Jewelery Store Newyork USA
https://stores.cartier.com/united-states/ny/new-york/653-fifth-avenue,Jewelery Store Newyork USA
https://www.davidyurman.com/stores/new-york-city-dy57.html,Jewelery Store Newyork USA
https://stores.pandora.net/en-us/ny/newyork/pandora-jewelry-uscccd2035.html,Jewelery Store Newyork USA
https://www.instagram.com/mosesjewelry/,Jewelery Store Newyork USA
https://www.foreverdiamondsny.com/,Jewelery Store Newyork USA
https://www.martinbuschjewelers.com/,Jewelery Store Newyork USA
https://monaghansrvc.com/post/13-best-jewelry-stores-in-new-york-city.p2220,Jewelery Store Newyork USA
https://diamondjewelersonline.com/,Jewelery Store Newyork USA
/images/search?view=detailV2&ccid=oGCZwxAC&id=4F8E24BD1A1DE8B5DAB4CC31AB22752B5945566D&thid=OIP.oGCZwxACQAr_NE7R75yrgQHaHa&mediaurl=https://www.gorjana.com/cdn/shop/files/WestVillage.jpg?v=1693495623&%3Bwidth=960&em-format=auto&q=Jewelery+Store+Newyork+USA&ck=68FDD40DA69AE2865F0EC136CEE290A6&idpp=rc&idpview=singleimage&form=rc2idp,Jewelery Store Newyork USA
https://www.malabargoldanddiamonds.com/us/stores/united-states/new-jersey/new-jersey-store,Jewelery Store Newyork USA
https://www.melvinhjoyeria.com/,Jewelery Store Newyork USA
https://www.travelmag.com/articles/jewelry-stores-nyc/,Jewelery Store Newyork USA
https://www.jamesallen.com/stores/new-york-ny-10176/,Jewelery Store Newyork USA
https://www.traxnyc.com/jewelry,Jewelery Store Newyork USA
https://www.tiffany.com/jewelry-stores/new-york-5th-avenue/,Jewelery Store Newyork USA
https://www.tiffany.com/stories/the-landmark-fifth-avenue/,Jewelery Store Newyork USA
https://www.stuller.com/,Jewelery Store Newyork USA
https://www.frassanitojewelers.com/,Jewelery Store Newyork USA
https://www.hanikenjewelry.com/,Jewelery Store Newyork USA
https://www.delicategem.com/,Jewelery Store Newyork USA
https://solomonsfinejewelers.com/,Jewelery Store Newyork USA
https://us.pandora.net/,Jewelery Store Newyork USA
https://www.vrai.com/,Jewelery Store Newyork USA
/images/search?view=detailV2&ccid=yPvvJYcN&id=1516ACF727F5F2C9ECD3CF6B3FAB917C5335FF0D&thid=OIP.yPvvJYcNeqCtJz61MsabRAHaKC&mediaurl=https://cdn.shopify.com/s/files/1/0582/9433/7588/files/BLAKE_BRUNSON_THE_SEVEN_Resize_024_Mobile_1445x.jpg?v=1673982374&q=Jewelery+Store+Newyork+USA&ck=33BA60F5BDFC731930D3E0FB3171FF7C&idpp=rc&idpview=singleimage&form=rc2idp,Jewelery Store Newyork USA
https://stores.zales.com/ny/syracuse/1637,Jewelery Store Newyork USA
/images/search?view=detailV2&ccid=cO164svS&id=4C106975DCF4074431F4E74D595A7FB6D9CF4C0A&thid=OIP.cO164svSIZd0wX81ZrLQKAHaG0&mediaurl=https://www.davidwebb.com/cdn/shop/files/david-webb-luxury-jewelry-showroom-madison-avenue_800x.jpg?v=1714670314&q=Jewelery+Store+Newyork+USA&ck=DC38022F723D18BAA2CD0CEA625BA6D9&idpp=rc&idpview=singleimage&form=rc2idp,Jewelery Store Newyork USA
https://stores.pandora.net/,Jewelery Store Newyork USA
https://oscarstonenyc.com/,Jewelery Store Newyork USA
/images/search?view=detailV2&ccid=AwoND6NT&id=1B227608FD89BEFEB57E4D7E2DBDFE071BA5C035&thid=OIP.AwoND6NTe0WeMLGXcKG8YQHaEK&mediaurl=https://cdn.jewelryimages.net/static/domains/foreverdiamondsnyv6/images/store-pics/main-banner-hires.jpg&q=Jewelery+Store+Newyork+USA&ck=523D9DFC4867FA7A18434D44A489C5F9&idpp=rc&idpview=singleimage&form=rc2idp,Jewelery Store Newyork USA
https://stores.pandora.net/en-us/ny/newyork/pandora-jewelry-us249c0dca.html,Jewelery Store Newyork USA
/images/search?view=detailV2&ccid=qQTEsg2r&id=A9D69FE6C24DA20AB5A7CE31B341CD549EB9D474&thid=OIP.qQTEsg2r6EhA503fKHoeKgHaDq&mediaurl=https://images-aka.kay.com/kay/homepage/4.29/k_20210429_hp_GAE_hero_dsktp.jpg&q=Jewelery+Store+Newyork+USA&ck=E1CCE56B84394085B36655D18D0B22F9&idpp=rc&idpview=singleimage&form=rc2idp,Jewelery Store Newyork USA
https://nissoandconyc.com/,Jewelery Store Newyork USA
https://www.greenwichjewelers.com/,Jewelery Store Newyork USA
https://www.yelp.com/search?find_desc=diamond+stores&find_loc=New+York%2C+NY,Jewelery Store Newyork USA
/images/search?view=detailV2&ccid=Bwvmr8jj&id=22D3011B8A8BEE96091F9D20278BA2874D8110A5&thid=OIP.Bwvmr8jjL2dsjda_2xqolQAAAA&mediaurl=https://cdn.shopify.com/s/files/1/1033/9209/files/ns1007whtmlt_400x.jpg?v=1684166421&q=Jewelery+Store+Newyork+USA&ck=8A79DF97A2E62A577D13B3B16EA836ED&idpp=rc&idpview=singleimage&form=rc2idp,Jewelery Store Newyork USA
http://dfeusa.com/,Jewelery Store Newyork USA
/images/search?view=detailV2&ccid=GqshZhFf&id=6CA1FC75749A30998D294A83286EE396340F6E28&thid=OIP.GqshZhFf9hc7suV00BERqAHaEP&mediaurl=https://media.debeers.com/i/debeers/nav-home-diamond-selection-rough?fmt=auto&fmt.webp.qlt=60&fmt.jp2.qlt=34&fmt.jpeg.qlt=56&$debeers-nd-medium-7-4-1024-poi$&q=Jewelery+Store+Newyork+USA&ck=566C62AE46D8A1B6AB94F888682D019B&idpp=rc&idpview=singleimage&form=rc2idp,Jewelery Store Newyork USA
https://www.justice.gov/usao-sdny/pr/two-defendants-arrested-sledgehammer-smash-and-grab-robbery-jewelry-store,Jewelery Store Newyork USA
/images/search?view=detailV2&ccid=XISrDcpt&id=9AB4D4D3FBE3CBB6087B8B48B1453666E01E6880&thid=OIP.XISrDcptMrF0TN2dVe9uvAHaF7&mediaurl=https://www.melvinhjoyeria.com/cdn/shop/files/298547114d99a6ee963f9a550281b869_1800x1800.jpg?v=1708459060&q=Jewelery+Store+Newyork+USA&ck=F4497C9971617959663E7423A48A0403&idpp=rc&idpview=singleimage&form=rc2idp,Jewelery Store Newyork USA
https://www.insidehook.com/style-new-york/guide-best-independent-jewelers-nyc,Jewelery Store Newyork USA
https://www.debeers.com/en-us/store/details?storeId=310,Jewelery Store Newyork USA
https://specificgravitynyc.com/,Jewelery Store Newyork USA
https://jangmidiamonds.com/,Jewelery Store Newyork USA
/images/search?view=detailV2&ccid=BfXyqM5f&id=CF90808838FE300EEAD6DFDAAA4800B5A6AE7046&thid=OIP.BfXyqM5ffwsPQh50MC_RGgHaEW&mediaurl=https://www.laurenbjewelry.com/media/revslider/2025_Mobile/wedding-band-mobile.jpg&q=Jewelery+Store+Newyork+USA&ck=66C504343A7A0CC1ABA006956358FC7D&idpp=rc&idpview=singleimage&form=rc2idp,Jewelery Store Newyork USA
https://idjewelry.com/jewelry-district-nyc,Jewelery Store Newyork USA
https://fortunejewelersny.com/,Jewelery Store Newyork USA
https://www.traxnyc.com/,Jewelery Store Newyork USA
https://www.caratlane.us/,Jewelery Store Newyork USA
https://www.swarovski.com/en-US/store-finder/,Jewelery Store Newyork USA
https://www.yelp.com/search?find_desc=jewelry&find_loc=New+York%2C+NY,Jewelery Store Newyork USA
https://milanojewelersny.com/,Jewelery Store Newyork USA
"/images/search?view=detailV2&ccid=W4mLIb4P&id=5EAE49892F650EBC2126E8B9495F9EC7A5B2D083&thid=OIP.W4mLIb4P2N6RwI5rJqpyGQHaDt&mediaurl=https://hips.hearstapps.com/hmg-prod/images/spicer-greene-jewelers-asheville-north-carolina-1634053813.jpg?crop=1.00xw:0.752xh;0,0.149xh&resize=1200:*&q=Jewelery+Store+Newyork+USA&ck=71D95B24E8EA4BF8827ECAB5F02F1A66&idpp=rc&idpview=singleimage&form=rc2idp",Jewelery Store Newyork USA
/images/search?view=detailV2&ccid=caBovMZQ&id=E54CEF4F5E6813703F4B15E9B8EC2D56E6FFE41D&thid=OIP.caBovMZQVP8OhW8mIJrNcwHaHa&mediaurl=https://www.maayafinejewels.com/cdn/shop/files/22945-ERS_2.jpg?v=1740124222&q=Jewelery+Store+Newyork+USA&ck=F862452C773548238DBDA6BF7B61B121&idpp=rc&idpview=singleimage&form=rc2idp,Jewelery Store Newyork USA
https://en.wikipedia.org/wiki/Tiffany_%26_Co.,Jewelery Store Newyork USA
https://www.courtesyindia.com/usa/indian-jewelry-stores/new-york,Jewelery Store Newyork USA
https://www.biancajewelers.com/,Jewelery Store Newyork USA
/images/search?view=detailV2&ccid=3ZLpqISX&id=9C009E14E0797593EA80859C65C8D1AC7C2C2ABE&thid=OIP.3ZLpqISXXue2rGcyRUoKQgHaFj&mediaurl=https://diamondjewelersonline.com/wp-content/uploads/2022/11/DSCN2145-1280x960.jpg&q=Jewelery+Store+Newyork+USA&ck=A241A6A80F750E333F585844BE39D9A4&idpp=rc&idpview=singleimage&form=rc2idp,Jewelery Store Newyork USA
https://www.malabargoldanddiamonds.com/us/stores/us,Jewelery Store Newyork USA
https://www.yelp.com/search?find_desc=Indian+Gold+Jewelry+Stores&find_loc=New+York%2C+NY,Jewelery Store Newyork USA
https://www.tanishq.com/,Jewelery Store Newyork USA
https://www.perrywinkles.com/,Jewelery Store Newyork USA
https://www.tiffany.com/,Jewelery Store Newyork USA
https://www.macys.com/stores/ny/newyork/herald-square_3.html,Jewelery Store Newyork USA
https://www.davidyurman.com/stores/new-york-city-soho.html,Jewelery Store Newyork USA
https://www.vrai.com/showrooms/new-york,Jewelery Store Newyork USA
https://www.luxuryabode.com/blog/which-are-the-25-best-luxury-jewellers-in-new-york-city/artid72,Jewelery Store Newyork USA
https://www.cellinijewelers.com/,Jewelery Store Newyork USA
https://www.piaget.com/us-en/boutiques/north-america/united-states-of-america/new-york,Jewelery Store Newyork USA
https://oradina.com/,Jewelery Store Newyork USA
/images/search?view=detailV2&ccid=9x5/YO+m&id=9123EEBC7CE3F121444AE8D21C828E39DE4E2B5C&thid=OIP.9x5_YO-mmIDBpvLz6IxoLAHaF5&mediaurl=https://landsbergjewelers.com/cdn/shop/products/140-00148__2020-11-17-14-09-40_1800x1800.jpg?v=1611889411&q=Jewelery+Store+Newyork+USA&ck=39A593F90DC0A86CFBB7081DBB27D0A0&idpp=rc&idpview=singleimage&form=rc2idp,Jewelery Store Newyork USA
https://thenyje.com/,Jewelery Store Newyork USA
https://www.tivolijewelers.com/,Jewelery Store Newyork USA
https://www.annasheffield.com/,Jewelery Store Newyork USA
https://stores.pandora.net/en-us/ny/newyork/pandora-jewelry-usbfa414a5.html,Jewelery Store Newyork USA
https://nationaljeweler.com/,Jewelery Store Newyork USA
https://www.sullijewelers.com/,Jewelery Store Newyork USA
https://www.rolex.com/en-us/store-locator/unitedstates/newyork,Jewelery Store Newyork USA
https://danieladiamonds.com/,Jewelery Store Newyork USA
/images/search?view=detailV2&ccid=cG/m/8iS&id=4F8E24BD1A1DE8B5DAB40766871AF28468D7B821&thid=OIP.cG_m_8iSALXYlayyTl4erAHaD4&mediaurl=http://www.gorjana.com/cdn/shop/files/Thumb.jpg?v=1724098256&width=1200&q=Jewelery+Store+Newyork+USA&ck=83EFA62B23FA8E5DACDEA6007DECE13D&idpp=rc&idpview=singleimage&form=rc2idp,Jewelery Store Newyork USA
/images/search?view=detailV2&ccid=TSJIxYfe&id=B3382F29ED1A6D80A1CD683AFD3549CCDBEA7DF4&thid=OIP.TSJIxYfe5jLj5U9QDKNQ8QHaEM&mediaurl=https://www.pricescope.com/wp-content/uploads/2022/11/old-world-diamonds-nyc-showroom.png&q=Jewelery+Store+Newyork+USA&ck=937487D451BB46F301D469E8A6D8AE16&idpp=rc&idpview=singleimage&form=rc2idp,Jewelery Store Newyork USA
https://www.rajjewels.com/,Jewelery Store Newyork USA
https://www.yelp.com/biz/us-jewelry-house-new-york,Jewelery Store Newyork USA
https://www.estatediamondjewelry.com/navigating-nyc-diamond-district/,Jewelery Store Newyork USA
https://www.tiffany.com/jewelry/shop/sterling-silver-jewelry/,Jewelery Store Newyork USA
https://www.brilliantearth.com/stores/new-york-ny-10010/,Jewelery Store Newyork USA
https://diamondsdirect.com/,Jewelery Store Newyork USA
https://www.swarovski.com/en-US/s-swarovski-on-fifth/,Jewelery Store Newyork USA
https://www.frankadams.com/,Jewelery Store Newyork USA
https://www.pandkjewelry.com/,Jewelery Store Newyork USA
https://www.yelp.com/biz/moses-the-jeweler-new-york-3,Jewelery Store Newyork USA
https://www.tiffany.com/jewelry-stores/rockefeller-center-nyc/,Jewelery Store Newyork USA
https://www.watchguynyc.com/pages/stores,Jewelery Store Newyork USA
https://timesourcejewelers.com/,Jewelery Store Newyork USA
https://impressionfashion.com/,Jewelery Store Newyork USA
https://louismartin.com/,Jewelery Store Newyork USA
https://stores.pandora.net/en-us/ny/newyork/pandora-jewelry-usd3b518dc.html,Jewelery Store Newyork USA
https://www.lukfook.com/en,Jewelery Store Newyork USA
https://www.wempe.com/en-us/showrooms/new-york-5th-avenue,Jewelery Store Newyork USA
https://www.londonjewelers.com/locations,Jewelery Store Newyork USA
https://loveadorned.com/,Jewelery Store Newyork USA
https://www.tiffany.com/jewelry-stores/new-york-soho/,Jewelery Store Newyork USA
https://www.yelp.com/search?find_desc=jewellery+shops&find_loc=New+York%2C+NY,Jewelery Store Newyork USA
https://www.cartier.com/en-us/home,Jewelery Store Newyork USA
https://www.sohogem.com/,Jewelery Store Newyork USA
https://stores.cartier.com/en_us/united-states/ny/new-york,Jewelery Store Newyork USA
https://www.nyc.com/nyc-guides/best_jewelry_stores_in_new_york.75/,Jewelery Store Newyork USA
https://www.macys.com/,Jewelery Store Newyork USA
https://queensdiamond.com/,Jewelery Store Newyork USA
https://diamantinyc.com/,Jewelery Store Newyork USA
https://thesevenwestvillage.com/,Jewelery Store Newyork USA
https://stores.pandora.net/en-us/ny/newyork/pandora-jewelry-us15ee52c8.html,Jewelery Store Newyork USA
/images/search?view=detailV2&ccid=T6VYv7Ww&id=57A81D3B01390A8885E9773FD2B3CF4731C30824&thid=OIP.T6VYv7WwrOUkRUfCtvsITgHaEK&mediaurl=https://www.ross-simons.com/dw/image/v2/BKHT_PRD/on/demandware.static/-/Sites-RossSimons-Library/default/dw3f70a7ae/images/homepage/RS_Hmpg_Classics_FFSTILL.jpg&q=Jewelery+Store+Newyork+USA&ck=A464E40D270E02E158AB79385AD6F6CB&idpp=rc&idpview=singleimage&form=rc2idp,Jewelery Store Newyork USA
https://www.kundanjewelersny.com/,Jewelery Store Newyork USA
https://jewelryexchange.com/,Jewelery Store Newyork USA
https://www.mollysjewelers.com/,Jewelery Store Newyork USA
https://www.yelp.com/search?cflt=jewelry&find_loc=Manhattan%2C+NY,Jewelery Store Newyork USA
https://www.discoverwalks.com/blog/united-states/20-famous-jewelry-stores-in-new-york/,Jewelery Store Newyork USA
https://www.catbirdnyc.com/our-locations,Jewelery Store Newyork USA
https://stores.pandora.net/en-us/ny/brooklyn/pandora-jewelry-us847047a7.html,Jewelery Store Newyork USA
https://www.lagos.com/pages/store-locator,Jewelery Store Newyork USA
/images/search?view=detailV2&ccid=TDGrJSHW&id=85C6B02126288B60A1040ED45700914CAA2BFBBF&thid=OIP.TDGrJSHWqkNpq84xFx-8xwHaD3&mediaurl=https://www.biancajewelers.com/cdn/shop/files/banner_Gifts_1800x.jpg?v=1651252914&q=Jewelery+Store+Newyork+USA&ck=8C933BC79E2636F674FEA58AC6B9C905&idpp=rc&idpview=singleimage&form=rc2idp,Jewelery Store Newyork USA
https://pippinvintage.com/,Jewelery Store Newyork USA
https://instoremag.com/america-s-oldest-jewelry-stores/,Jewelery Store Newyork USA
https://www.tiffany.com/jewelry-stores/store-list/united-states/,Jewelery Store Newyork USA
/images/search?view=detailV2&ccid=hE85Fo6J&id=4F0A9A8F690A0EEAEDDE5268E108A0F6AF9ED74A&thid=OIP.hE85Fo6JPGqHWpqYp7VPXAHaFP&mediaurl=http://www.tivolijewelers.com/cdn/shop/files/Tivoli_StoreFront.1200x628.jpg?v=1677354510&q=Jewelery+Store+Newyork+USA&ck=D982E869083DFA22E4887933651F1C63&idpp=rc&idpview=singleimage&form=rc2idp,Jewelery Store Newyork USA
/images/search?view=detailV2&ccid=ArTBS7DT&id=4493B656D4DA05951339EBC7CE09D6DFA3C4C6FA&thid=OIP.ArTBS7DT6xSoHynQoApwDwHaHa&mediaurl=https://lfxjewelry.com/cdn/shop/collections/19_1024x1024.jpg?v=1620066452&q=Jewelery+Store+Newyork+USA&ck=09FC4CFE5E830E202DF52274CC0C5BC7&idpp=rc&idpview=singleimage&form=rc2idp,Jewelery Store Newyork USA
https://www.westchesterjewelry.com/,Jewelery Store Newyork USA
https://www.shaneco.com/,Jewelery Store Newyork USA
https://www.aabhushanonline.com/,Jewelery Store Newyork USA
https://www.pomellato.com/,Jewelery Store Newyork USA
https://www.jamesallen.com/,Jewelery Store Newyork USA
https://www.crunchbase.com/organization/elizabeth-s-jewelry-and-fine-gifts,Jewelery Store Newyork USA
https://josephjacobjewelers.com/,Jewelery Store Newyork USA
https://www.laurenbjewelry.com/newyork-diamond-district,Jewelery Store Newyork USA
https://idjewelry.com/,Jewelery Store Newyork USA
https://stores.pandora.net/en-us/ny/newhartford/pandora-jewelry-usa34c80e4.html,Jewelery Store Newyork USA
https://roen.nyc/,Jewelery Store Newyork USA
https://www.timeout.com/newyork/shopping/the-best-jewelry-stores-in-new-york,Jewelery Store Newyork USA
https://www.wempe.com/en-us/,Jewelery Store Newyork USA
https://www.courtesyindia.com/usa/indian-jewelry-stores/new-york/new-york,Jewelery Store Newyork USA
https://www.gorjana.com/pages/west-village-store-details,Jewelery Store Newyork USA
https://stores.pandora.net/en-us/ny/newyork/,Jewelery Store Newyork USA
https://www.mikimotoamerica.com/,Jewelery Store Newyork USA
